{
  "roc_auc": 0.6917263755576585,
  "accuracy": 0.963287138341843,
  "precision": 0.37037037037037035,
  "recall": 0.23076923076923078,
  "f1_score": 0.2843601895734597,
  "ap_score": 0.18276276303858638
}